eur_mxn,usd_mxn,gbp_mxn
5.614384547592203e-4,0.0027113999123259307,0.005778495080770574
0.007028804687415361,-0.003198673948637527,0.00432563751112587
-0.006178565325640648,-0.008621671411525712,-3.7399294029297794e-4
0.002506020955473259,0.004936699436312005,0.00451966785470196
0.005234258880332703,6.455251962677654e-4,0.006926164799223709
4.6458141190798373e-4,2.5418343708140476e-4,9.732811281497484e-4
-0.001675744267840171,0.003253050974813439,-0.0032066873002932687
-0.01209480044488157,0.007222864874668501,-0.002448858766141168
0.010036324616198002,-0.0010646158226695526,0.0052819667564784015
-0.0012151318128244878,0.0038466170502467166,0.001308885779396786
-0.009780980252245346,0.008542189526025557,0.007521008220506462
0.023516616173866023,0.0017837353589762424,0.004025196387611623
-0.005791764089464628,0.004033505752723956,-0.0012411274065806338
-0.004739192862768561,-0.006678394536333744,-0.0010842804353125139
-0.002104610095512948,0.002918537960710883,-0.006317644752127122
-7.198611170719543e-4,3.053804236708725e-4,0.004161919248077017
5.125532462095351e-4,0.005386060683004992,-0.001552598840269462
0.0017142795596894707,0.002193045703643412,-0.0035583256363807053
0.007638170544748877,-0.00233224832593931,-0.0037394870625616643
-0.0029990682530607374,-0.006519892190814744,-0.0022825379382791647
0.002679595836215914,0.0020233648194951655,0.0059851904025075625
-0.013747993939571039,-0.004542378316109449,-0.0031605035795632943
-0.002652994293886447,0.00858319794010615,0.005274250050663125
0.0023058484081290844,0.0018847762506717727,0.008191825683901623
-0.003478103072668637,0.005984910734891451,7.450780953659007e-4
0.0016362732289687285,0.005112218090311501,0.005755649503973802
0.005036803803887284,5.498288537767386e-4,0.0026928519087994597
0.009826847126932584,0.005965482754487694,-5.299988988909056e-4
0.004991207636918873,0.006127522224448349,0.00981875206516296
0.011718518936719664,0.003572593993055132,1.1890157453206758e-5
0.0012574735009470434,0.0017814300187193584,0.002763942438228831
0.013435568384894845,-8.596341472287197e-4,0.005457704773415813
-0.002860312371394666,2.2732229150181985e-4,0.0019031675191082372
-0.007444009546448191,-0.00140130195078091,-2.7169879295035003e-4
-0.005130359836334753,-0.009578319026157531,-0.0010006579963776922
-0.006389493965606091,0.004442180066255937,-0.007461609443222328
0.0023564357162619725,0.0070654694119301415,0.0014286113824311943
0.001004095642283611,0.0042019956961966256,0.005477121612695179
0.0056618829793025184,-0.0024479353453909806,0.006634931124267636
-3.9254171259687695e-4,-0.010403378000387905,-0.008138713358873026
-0.006149330041586196,0.0012190573546154106,-0.011084734122330254
0.005206656912024146,0.008405704057616616,0.006369625530637126
0.010638130271440161,-0.00347068198189599,0.008228110633895272
0.0071179243590322894,0.009084372590269346,-0.0014020648464339836
0.009163022450549807,-0.002124274309216199,0.00913362655935406
-0.006156180450781488,0.004079858316121489,0.002067793114822543
7.420579530459592e-4,-8.585580558328385e-4,-0.0019974569397056313
-0.0052557181751218636,0.010964822863874887,0.004247658382821332
0.019093996371372702,0.011394052495510194,0.012198015687818607
0.021864144426293038,0.011354032912585497,0.011705675329210746
0.027258859002420373,0.010801412095890951,0.01402918135116967
0.025178209386215365,0.006405452968904682,0.012667603670114987
0.004046830682594154,-0.014307639002792367,0.0024222217207537874
-0.03320569029195341,-0.009250366832465103,-0.02833719867922063
-0.016988733444175234,-0.007442159276938414,-0.013402192628828526
-0.009794914820074578,-1.491695059214004e-4,-0.006387763169150863
-1.0120278076854666e-4,0.01241597215518369,-0.004456177236332518
0.018640799537079335,-0.005642822516771606,0.008368573262969962
-0.01269347946540891,-0.0033511414527911945,-0.005411136768422426
-0.011309406540290466,0.007701398401434416,-0.006563367077671743
0.00923373927841826,0.0019411696181079107,0.002913766745306592
0.003677126358649228,-0.008464785249986067,0.008038706352485747
-0.004456613686376592,0.007845672330550963,-5.712664927824769e-4
0.009524235744616534,-0.01208129714587618,0.005728435250514007
-0.0069705796481815425,0.0046100048289584765,-0.0072854520497864905
0.00815726878964295,-0.006456445151899268,0.0034354370059022825
-0.007739353462620902,-0.001544134237896314,-0.006157514041789574
-0.005010707698189448,-0.009696981550086718,-0.007027047530011293
-0.006987594641032072,0.003411560941535134,0.0024803169515139312
0.012061767871456021,0.0033459536509919427,0.005434201078377336
-0.007634164051967173,3.122935094191236e-4,-2.9441849354513945e-4
-0.006919813708385011,0.014820208418781905,7.281975067522882e-4
0.008362972932670985,0.012566429328622609,0.004558773650301661
0.019278899263329673,-0.014473685176904578,0.006473995407274668
-0.016022147130573424,0.00564014619996432,-0.016635925869054935
0.00822993393818121,0.007055500783699883,0.004638594650128898
0.009263183651429393,-0.004235613219415012,0.004065244053914931
-0.0020296515684789947,-0.0056891353403753986,-0.004642962302405677
-0.013635200535338036,-4.6133283900311157e-4,-0.008314387013422473
0.002189568361282572,-0.00953913643583332,0.0012076672402373553
-0.005652853348471727,0.0012890233189834645,-0.005027694175536975
-0.0024256508721872344,-0.007284698547939751,-0.0022911948400654576
-0.0010123514498049117,-4.327107907894442e-4,-0.002647494898125784
-0.0032252063733282624,-0.01090185926323617,0.005158494113183466
-0.006847908264014866,-0.0029696003129031224,-0.008576706418475487
0.004915281887888483,0.0033037365889345797,-0.0044512754850757705
0.0021411908915020083,0.01081405639028302,0.004277048832149783
0.013290167269403966,-0.01268057362899008,0.005507806977046911
-0.004770958289620051,-0.0031817683225100865,0.0017152326147685149
-0.01260213763881788,0.00131785759167976,-0.003622710776009196
-2.738630004040392e-4,0.004501552726546259,-0.0016147330425891684
0.002890570660978052,0.005351041985931595,0.007404850191647738
0.006762046490799883,0.005166536809020834,0.0031523078973597785
0.005019110775848565,-0.008437962146555318,0.004019039134652843
-0.032504427998129914,0.0037483041917319364,-0.011321764767981263
-0.0026825372069706095,-0.0031789966461399687,-0.0016081800531095932
0.0016814786576139836,0.0017539014489456966,6.70389350553291e-4
-7.718945378288667e-4,0.00538175183944983,-0.0012346138590005457
-0.004699277406554223,-0.0011727774947475793,0.0023496978658713425
0.005224924621776303,-0.008405458005415234,0.0025876504898776445
-0.0054450580235060105,-0.0024119432443973185,-7.661706577830936e-4
-0.0035287960488196166,-0.0027228249882298664,-0.0038278857713015266
-0.007428822803703133,0.009518562506242485,-0.0026985238785788433
6.675270596320869e-4,0.0027150812197188775,0.007528167809451964
0.004770948480913009,0.010983886438679907,-0.008981153624956193
-0.0017781783577286087,-0.0012164202047215895,0.0022518832917407796
-1.829215943764289e-4,-2.6263180190016523e-4,0.0018364938411858437
-0.0024150491451180177,-0.001917672140128706,6.46959314878019e-4
6.103238108771502e-5,0.0012549080218251984,0.0036920454440098885
0.006172948895565916,-0.004279209917481066,0.0018448843796062629
-0.01230577364835122,0.005556523360774791,-0.002705667509524755
0.0017767885766435973,-0.0029090191083118466,0.0018228823867394728
-0.006502494242833726,5.023653138683308e-4,-0.0018504082266234726
0.002693498516878165,-0.005684192209021587,0.002211486631749847
-4.820519812636484e-4,-0.006787866089558881,-0.002833025149727813
-0.01417254081322478,0.0021650740559780073,-0.012212936709384357
0.001341145516391207,-0.0018139387992899248,-0.0026203742363328786
-0.0012501635364468556,-0.0012474794663382956,-0.004655332308823543
-0.0028983719372188293,0.0035989211850102846,0.0012830394960394655
0.001407442042438101,0.003345341496348649,0.0019176185172113463
8.993990070150726e-4,-0.0033030782385092966,-0.001360753217330558
-0.0038306578904070032,-0.0028355949409957014,-0.0010858559893468524
0.0022932603178688485,0.002690745289276914,-0.0016812960927731788
0.0016796244473994753,0.008496002540170479,-0.0057875915960122395
0.03669306443207176,-0.004488597055058992,0.020869562780160493
-0.005680786718228999,0.015320564310248705,-0.004011309805344628
0.00850092159901988,0.007493706479523961,0.008963523774077987
0.013173417076421032,0.004317279315721254,0.004865176922540269
0.015635525585918433,0.006970254563150293,0.016079202479312205
4.78001540947683e-4,0.01047159957778446,0.005217165974949364
0.011195355830206779,-0.004450446944714465,0.010281306724707518
-8.248511542081378e-4,-0.01176298486228903,-0.0040197658597916144
-0.017212420862367434,-0.006257318024088583,-0.01981242080462699
-0.011919448441317397,0.002321101716927658,-0.010836984270020202
-3.6265826140043474e-4,0.004380358144220536,-5.502517540546839e-4
0.006157219626065215,0.0017981627276715416,0.0020658473216882923
0.006210433934996344,0.002714464786430984,0.0017129913869918252
0.006097656733490305,0.0017030271535331046,-0.002132915923294661
-0.0018349947484972466,1.8000807181577468e-4,0.005066116246607358
0.005251335133033609,0,0.002118252196189315
0.0036369060681382547,-2.3227454956049423e-4,0.005258638801980261
-0.0030015559812412167,0.002123303171069028,-0.006135862260009193
-0.0023207890498611423,0.006924439540105717,-0.002538458445063691
0.007520269863436016,-0.006101856699606236,0.006664301053835042
-0.019715759378401164,0,-0.01148543738516012
0.002590279197400012,0.0010648765402361795,-0.004185399755350898
0.002230997178536739,0.0021552168325307793,0.0035408559061889558
-0.0050682125003266775,0.011671542703759906,-0.001168422301352223
0.014482674886453807,0.016851939481762012,0.009160859934073617
0.030468895359642117,0.005560498761984596,0.0165940329405204
0.009500834235780171,-0.0019600031413328925,0.0012230268611929601
-0.012076823443580546,6.146419066359664e-4,-0.003254420140034764
-7.518862983457976e-4,0.002449168751946578,-0.006703190544685634
0.006460496521664223,-0.005307664087725656,4.758745251263573e-4
-0.00796617364400218,0.022023410603357114,-0.004224970154691899
0.030124786229823133,-0.0030075043931688033,0.013821643999031194
-0.007710130675449946,0.00330879881908221,-0.006630508710709383
0.005042941022420549,0.012034232739579844,-0.0016789572110050973
0.008632478838502222,0.012586224669015926,0.013056366549108009
0.011111577668586685,-0.014552974775400374,0.014666838467889019
-0.021557995184850545,0.009462269035637608,-0.013797952590263797
0.01588644708548244,-0.008930919395080951,0.0097090537441192
-0.008191045528268113,2.4383833417112143e-4,-0.001975072007971205
0.004372271047769065,-0.005951616387211922,-0.006230251821113783
-0.003170268843149063,-0.013065051997466926,0.00191906752546407
-0.021463886489829376,0.007499890920173882,-0.019327865679610343
0.011952767581771058,0.01314126346243924,0.018017154227378707
0.015529480649414035,-0.01569900867628408,0.012294414298512095
-1.3874574562149905e-4,0.0038945008826015955,-0.003517189744508057
0.013609116916044802,0.009816979674430513,0.003265529318606771
0.0026460495506631892,0.01099831555160103,0.0026407982142325754
0.01725161268746332,0.007420058547892906,0.008345142012784261
0.016289612531186402,0.00672588810084398,0.009634689949976212
0.006045002754036107,0.011798331958716202,0.010777521423178818
0.014995931727810701,-0.012475236837124414,0.008539094040345302
-0.020508254134792313,-0.0027652570184459706,-0.009515109809532598
-0.007516135196367447,0.0014629895707401288,-0.007728449339354712
-0.0010735935567451251,-0.029293565087055284,-0.008680891768641006
-0.03141089163525296,-0.002052930647979973,-0.030872282490619414
-0.003434275262802535,-0.0045029081995410615,8.820077081943239e-4
-0.0035152020459664622,-0.00727922673299072,-0.009421423106659645
-0.015398751877727525,0.006861873624241772,-0.01489691500817298
0.0065837078310645916,-0.001533565375421194,-0.002509765317361311
-0.0025343997116031814,-0.0027709257511184153,-0.00767005929904278
-0.0018448813863574404,0.008163848817389952,2.7653065744975386e-5
-7.359217751951953e-4,-0.007590370304400476,9.043077837007085e-4
-0.011068816559067248,-0.013012616588725783,-0.003039753727779467
-0.01386428824778623,-0.003115903405129139,-0.010442256658599701
-0.004028508052040251,0.005001980478679879,0.0050357437808624585
0.012225454441541366,-0.010006582679172113,0.011405938711165808
-0.0052489806394222255,-0.0010535360627418361,-0.006411268348630906
2.50820927970263e-4,0.010111944742313835,0.0017964733367569097
0.009109637730464274,-0.010078180571963347,0.00611681447550014
-0.011400021667458848,0.005604075338346091,-0.00974862389458437
0.022511157146201864,-0.008104239038366047,0.011013118708937857
-0.009160419555654397,0.0026692492390497273,-0.0019326105704664872
-0.0027574478654772234,0.007987626518682728,-0.0036791642612673966
0.008451032656244205,-0.01532392862494936,-0.0011490904838707219
-0.006027672461283133,-0.015735470695934246,-0.008383250248594985
-0.006522873079941351,0.002879415581681256,-2.550186894703258e-4
0.0012122757119436512,0.001700806590750352,0.003957368697982805
-0.0036054819886077766,-0.004165066684974971,-0.006559084423901767
-0.0055431605694599585,0.01315495723477124,-0.014310143882168388
0.009275897192216824,7.280493329435071e-4,0.005275455040668659
-1.5774724947897474e-4,-0.003736689963236074,0.0018650323146393898
-0.001956779311409205,-0.005137752248274191,-0.0012040727796166334
-0.004012087575101001,-0.006231460349028896,0.0015822458453142259
0.0014380572879920293,-0.0034633621103022003,0.0021820301521991853
8.127609013606076e-4,-1.448666790317255e-4,-0.004042245748231823
0.0035957634598167794,0.0038217665040800462,-6.127895576972654e-4
0.0054683881198962095,0.00967089980496059,-0.005706536235898045
0.0086615111701746,0.010438318232883367,0.011921726116947303
0.010089038175201443,-0.0031495164833880165,0.0030293207495815776
-0.0014321806304041119,0.014347262358327112,-0.004790236455339447
0.011700900023093696,-0.006294904090055371,0.008714234073092282
-0.003118439610876256,-0.006623681345046946,-6.847924590078821e-4
-0.006400172322317224,-0.009992766571630226,2.428762920416052e-4
-0.012341159096507574,-0.0028711113063821427,-0.007393458039735778
-0.012078076176199914,3.844885072192333e-4,-0.008075205092944925
-5.650327161540679e-4,0.006512875456940774,-0.0031185578302321123
0.018467899264977154,-0.007804403659810589,0.01813722204158534
-0.016154007514331152,-0.004225132081280121,-0.009152149287658347
8.127025411588828e-5,-0.004677566369289971,0.002673892259819921
-0.009553776482642651,0.011369554088725637,-0.008168404600314339
0.010239231410356618,6.415470668780693e-4,0.01030311068463945
-0.004864184131065354,0.005801080382026399,0.008573080433507475
0.009401704893319606,-0.010829966644125465,0.009274659346024372
-0.008387280367808869,-0.004782363364631698,-0.004889195612683183
-0.0019125585354108614,-0.0020491810449355693,-0.007054663486198395
2.2975129255780114e-4,-0.0049666229988460635,0.0028238901443143525
0.004786159849320502,0.0018151463011599953,-0.0054723180690905374
0.006919672162415832,0.022792183445368337,0.005753832839302172
0.020748067240587264,0.009669122506145177,0.015036674253483276
0.008731832506693696,0.005812804787883167,0.006513184633416773
-0.0017500905248494579,-0.0014780085069728507,0.005035785545475251
-0.0012715933204495925,0.018986032910801545,-0.004752590426783634
0.017381614773240198,-0.011428379875633,0.016757332509348823
-0.012681400399468471,2.6682161271037206e-4,-0.008735945821819776
0.004824270404322002,-0.0014463819738156115,-7.430506428795806e-4
-0.005851637647674295,0.010814093620229245,-8.283198702008645e-4
0.007247257059617661,0.008172489988792817,0.005538859861211139
0.0063794778694862475,-7.267273200963876e-4,0.013375909983730599
-7.003765413822834e-4,0.007336414440873261,-1.7777945937562156e-4
-8.845759121622359e-4,-6.785494502182161e-4,0.01704705008764422
-0.002202970169333548,-0.0045118300980577595,-3.459210181510641e-4
-0.0011055881867354394,0.01026223158011534,-0.01013297333997529
0.00768525881524424,-0.00297944694440522,0.007913220652573395
-0.009924667068154739,0.0013962036045240334,0.005788512590866941
0.0032384092623216195,-0.002832156867670416,0.007243076255788349
3.683779400576759e-4,4.3905758930869757e-4,-0.00485863176768148
-0.007036252761577691,0.00163574069239398,-0.002232433148161141
0.005202956186942264,-6.983058099221379e-4,0.0020327134947135447
-0.0022696940929183497,0.00199082505511417,-0.010979148950451136
0.007015764267288274,0.009044436098443461,-0.0023213534390147663
0.0058337933366841834,-0.004111212317061918,0.008153230420829305
0.015409841319630845,0.004395045350170297,-0.003896578106470861
0.003597750917986522,-0.015628353575264653,0.007570573526788855
-0.01615841657705654,-0.014711183440263485,-0.00973402108874272
-0.010540019078604485,0.007314154912176817,-0.01673621485601532
-6.536723300850877e-4,0.020532451033807828,0.0037889044909189696
0.013021679177886871,0.01104500443402399,3.5995795688795e-4
0.016350227279334568,0.004486628443854437,0.013406201690357708
-0.0024299059772409396,-0.001264018182815423,-0.0015298475143245742
0.003285559217224271,5.660732166339068e-4,0.003967466425993732
2.58479519286796e-4,-0.0036347348272066037,0.007414347751225043
-0.0013729004568246795,-0.011113176993315366,0.010990173187344738
-0.007645889209319238,9.66637352526196e-5,4.940340910809258e-4
-0.006387201944952062,-0.012306734403564615,-3.146897953041859e-4
-0.005285923067563028,0.0015907816758916195,-0.003780348546392856
-5.421873166141128e-4,0.02483293141890281,-0.015068305983541221
0.005336613370283844,0.011213575756838914,-0.04982612988865197
0.004714633811787621,-0.01594492409939018,-0.008692865454777663
-0.010598482218769635,-0.015976523090995457,-0.007393844393996905
-0.011406281887097481,-0.01015937373335695,-0.007657632934668769
-0.012019336471214838,0.0013471247472967866,-0.02027058090939119
0.005739465986732264,0.004535283407134355,2.661429561346176e-4
0.003955667479462474,0.021066579783866408,0.0022866538156019346
0.013293441889255533,-0.004045732383374804,-0.004147533185196179
-5.09275941862269e-4,0.0033654468540517722,-0.0062187438692155785
3.2671791913129985e-4,-0.016368572127093015,0.00269224668230233
-0.0186905502159658,-0.002223563582673643,-0.01442782315108011
-7.590015363944258e-4,-0.007152772232906016,8.26739644993615e-4
-0.0069314995839330085,0.002462518678143387,0.015526105426890256
0.005755057694369966,-6.368404222430611e-4,-0.009558820303811258
3.236595130206226e-4,0.012547474035765085,0.017214070505720255
0.005237472764172502,-0.011703938176878812,3.180810034092488e-4
-0.007574094465154112,0.005879935519906756,-0.006113409784144291
7.123644659443395e-4,0.0098003857435077,-0.0061263338283787
0.010221572051190942,-0.00578999571708114,0.021213145572973
-0.004614103607189759,-0.0012450985292838492,-0.0070307019601236
-0.00685075155913567,0.012445584148702029,-0.009813259743582561
0.01448878449949839,-0.0011725047492083297,0.010679636750244737
-0.001673340595390971,0.0037686610765744503,0.0023632010908192
0.011430081591542561,0.0036908881139524554,0.010220785264397942
0.004754562850601163,-0.007694225871142336,-0.002109805172087851
5.061507885810259e-4,0.005998933080158912,-0.0030136969869024068
0.005442084517745966,0.0039053959554803865,0.0029976451062583404
0.008515492318892424,-0.0026813180339562833,0.015544274597120088
-0.008662654150801936,8.046372949414872e-4,-0.003312883610352837
-8.028619925128783e-4,-0.007787692024156899,-0.014325573466926209
-0.011828233128376602,-0.010820079471592664,-0.010802104699697657
-0.01129840099785216,-0.006104949138316183,-0.015168541800793882
-0.003034903695154047,-0.001525234000607888,-0.00785077757925212
0.004672697922447664,-0.009645141333621996,-5.171939356199238e-4
-0.014364971748459337,0.0014962473298112933,-0.015024180191276664
0.0027647837517173115,-0.009989817812413189,-0.003202963779249895
-0.007025287781038824,-0.0012066819455465827,-0.010765467210144184
0.007344565528372974,0.0029089792580965232,0.010408480682594179
0.005490383556233889,0.003500432080289016,0.0046731804524785285
0.007076611746073703,0.00235797960690682,0.01171393236224429
2.133705770071037e-4,0.004573658814237889,-0.0033256854010920442
0.004253050434026686,0.012388447948312042,0.008135340645368493
0.010824003132668382,-0.0032925800784751745,0.017028523733246027
-0.0063004882336029355,-0.005756966422157877,4.7851312788134925e-4
-0.003924992844485646,0.012368980072272552,-0.00947032952927031
0.0044486620001927294,0.002412651926396046,0.007161341878349424
0.0019484951860557203,0.008624651121268756,0.0010609950178159992
0.005331714032770757,-1.590903606934377e-5,0.007854756680753578
1.0968285499616485e-4,-0.002743968179020522,0.0026612834408679203
8.914183349622572e-4,-0.008761667395542802,0.0071375242309648
-0.013608571341662112,4.5201629900909983e-4,-0.007571129030655588
0.0016504047203058979,-0.01777086275748724,0.003483862222338745
-0.008770356280362487,0.007115781738135483,-0.00976991809584468
0.004992623390646261,0.014633577138092187,2.283877964546335e-4
0.018243543783029434,0.012471778587719586,0.013170185969557014
0.007989913046944352,-0.004040826695876352,0.007929009214265384
-0.0027996005963179644,0.015291813671042712,0.0020421609338426403
0.013402848289834384,0.00893970708278409,0.004563854716626428
0.011363976078893796,0.0035463692098942805,0.01421350090533521
0.003223376185060242,0.013393303132104012,0.002136787797673386
0.004701096690677879,0.002831124358844212,-0.0055878699297816255
0.005894419664987168,0.008355037048759329,0.006231436915452664
0.00618095220347184,-0.0055927532510192364,0.003996993044526957
-0.002344608910544109,-0.0049002005512336294,-0.0018311104122285056
-0.0031951191344725895,0.007998783961758661,-0.001055029072225966
0.011057838452934402,0.004831172473706263,4.0498963826430113e-4
0.005367274035614273,-0.02577493661877518,0.0034477378443383707
-0.02819997125727382,-0.001575737822565833,-0.02185824049249658
-0.001012411922392713,0.010435807580522295,6.898575361010934e-4
0.00966381332897916,-0.009014996859541302,0.003998882072424792
-0.006032927541342156,-0.0037552674466173673,-0.010093241466374794
-0.007580050109138971,8.805064594403089e-4,-0.011550541506812471
7.301091791291049e-4,-0.005425470665488798,-0.00840151078753816
-0.004964145244557825,0.001004295462142682,-0.002863843211726212
-0.00547895129174185,0.0032867018180529803,-0.02843954087369765
-0.008164458829751012,-0.02004260755767191,-0.009391284234234276
-0.00904802969507426,-0.0017891459750192817,-0.011642698929081801
-0.008742635641411423,0.0033375589104341547,-0.007166916738188307
-0.0010449199791587075,7.3893239169962e-4,-0.0037024744173139636
0.004024901401237529,0.0026558341171470986,0.0034865417693261567
-0.004581381706777145,-0.007866808530724986,-7.170442637208392e-4
-0.0037254611332338573,-0.013547710619886143,-0.0047865757892922405
-0.017029335441713013,-0.0042888765496396095,-0.006372692648334624
-0.004403898448941991,0.003777931376287368,-0.005389363833064165
2.7058606646875e-4,-3.0127936356677754e-4,0.0016856234662930311
-0.0038985333872184878,-0.0021491929168226008,-0.0028198231919322834
-0.004384929800593595,-8.524125270032055e-4,-0.0037721758952250265
5.007847211151086e-4,0.00879604827643888,-0.004176535216092888
0.010960270052722512,0.0069570622343099004,0.013663569887089552
0.005491545389160346,0.0075472987061156755,0.001599377999491032
0.017988025284593367,-0.005482768435556451,0.013307115002255766
-0.008958496485295194,0.016322428717696152,-0.00565601858674909
0.02466437104128799,0.00876067221067992,0.01676223998699648
0.011546243588788701,-0.010143771332131197,0.013871143444454287
-0.009073903096249707,-0.007097187617146207,0.0031677794361262834
-0.030413823096387096,-0.024527059897457595,-0.028589036142270232
-0.006181700800972872,-0.013530552008191143,-0.008806395398314416
-0.016077066019752572,0.08295136656692084,-0.01382400520148105
0.07342817054175174,0.030881078511569012,0.0846326999289996
0.02849764956057405,0.011143560175497233,0.04210697153786317
0.010701624081938275,-8.200383510729557e-4,0.018427561326395503
-0.01364313771634508,-0.02013893224350758,-0.011139922661610771
-0.022019776526586262,-0.004931699432422786,-0.025262043245031993
-0.006955874994401013,0.010177265264218253,-0.0060374090335105655
0.002045703562199713,0.010065080399072895,0.00791419376409395
0.0073585122316691745,-0.0088069503847064,0.0034637766904018837
-0.004336782717902697,0.007899555359163042,0.0043177737804360695
0.007482388325597299,0.0019155674922724359,0.002320021586349888
-0.0061495542725159506,0.0030234083029673496,0.002871933976783821
0.0044042335266478395,-0.001440420967907146,0.004342989889544851
0.0017498856531436681,-0.0029646533840546056,-8.732643824845019e-4
-8.220191993338541e-4,5.916559994973663e-4,-0.007084446086439571
0.003270323617425678,-0.0030301626869733327,0.007255324197472427
-0.008326831062432375,0.009568897524236645,-0.0010060421247473606
0.016237174204025914,-0.007436080287483836,0.015379637628382773
-0.010107609745225916,-0.0019916937437366266,0.003850130920530788
0.009303153287197287,-0.008452936169859248,-0.0023740469165563255
-0.011683744575863285,-0.0032712986662878866,-0.012686665620259562
6.631926506223449e-4,-0.0011125333430666933,-0.006507485408807521
-0.014310472811352106,0.0034860629802514267,-0.004955502478340499
-0.006158961098421364,-0.00887422258750164,0.001756134870101706
0.0032516252812566622,0.0036775650914343773,6.993029269134469e-4
0.0017055046202525499,0.01033226768780365,0.0020402645434823715
-5.526773642820418e-4,-0.007199229331543199,4.014066039344687e-4
-0.016228078137202367,0.0038290034270710145,-0.01652862671185221
0.00820081431251973,-0.0023250885423717195,0.010389775486757262
-0.007417329748620623,0.004175445281015674,-0.010766136941907695
0.002389185404259177,0.005375016120161914,0.0014886931454283845
0.009024130359104448,0.009151627372783414,0.0048896369613369494
0.00993693840259258,-0.004986673899331171,0.0032622481039270125
-0.006151909365557536,-8.965235200282178e-4,-0.007064539527744196
0.001819878960397673,0.006495206830187379,9.871196307693933e-5
0.00721894657168213,-0.0026143405995574433,0.006577235311044523
-0.006815539929562283,-1.496844782960507e-4,-0.006675947274121428
0.01489217616320724,7.725736743517479e-4,0.005187098893326996
-0.007947705575137236,0.0010853746638884456,0.00575078075546357
-0.0012392969757315494,0.018141618842356717,-0.0046623391474347785
0.01426280784250008,0.016878421920529296,0.015392934913594421
0.02460038117974047,-0.004395180782696591,0.023273976049350754
0.005699519975431503,-0.00793398856820982,0.003597886018377761
-0.014133742707179885,0.006698744661058136,-0.020280768808557333
0.011648348283146887,0.02098693746666775,-9.224383418919492e-4
0.017330544985463804,0.0042318445885497396,0.02063839642431257
0.008039044515131646,-0.006067326811348154,0.007505241800118483
-0.0040893496155680635,-0.013958702262109568,-0.010152981077593768
-0.011095276119049263,0.009590385584590072,-0.022805003635205684
0.006028546556872414,-0.007682684966942348,0.008793881901029931
6.434068166092991e-4,0.018328353603681253,0.020332191043566438
0.011937125875734653,5.840588338814136e-4,0.007861384765436257
0.0035153965884441754,-0.015876715642963814,0.007086754850053176
-0.013329423615921673,-0.011724603662417869,-0.014505356925647082
-0.004472869794402965,0.008475135887414949,0.0015442458388455248
0.005534832501583871,-0.02121225108240093,0.009839444663216916
-0.019092103322224274,0.007424177946301835,-0.013197186264895933
6.047991213903357e-4,-0.016766959949867842,0.0040541918100441615
-0.011500629434105692,-0.004420263174783399,-0.01479207030857246
-0.007146039733161615,0.0018088361640148612,-0.014181634623649297
0.010915772571432347,-0.004571816649179759,0.009345665652444858
-0.008405437135660795,-0.008821911007168257,4.2741731566393545e-4
-0.009359151938019448,-0.00939690673681934,-0.019770998042612446
-0.004614816870509384,0.010195582308210669,-0.009505503665939309
0.003740681042992772,0.003119972518434178,0.006149213714565351
-0.002931435597434754,-0.004693440000428698,0.00545558548704993
-0.003272833646855899,-0.007378758159764181,-0.002177091559949134
-0.010624890824161766,-0.0017991185340237215,-0.009702719622373495
-0.005540410779770808,-0.0024138333436558184,-0.0030345488147517597
-0.003964970002284253,-1.42987147750847e-4,0.0011109667734488951
-0.002510720387318521,6.656854216638269e-4,-0.004838994227740052
0.0034917840874875254,0.005446872182590076,6.447428360637048e-4
0.011294542173972157,7.400165493714183e-4,0.006801314111717738
-0.001687865568160778,-0.002722625211674459,-0.001638889091955089
-0.006025203632912744,-0.017727560143432408,-0.0014250570237856924
-0.023986463204369864,-0.005490285707351491,-0.016478776290657134
-0.003944645740032535,-0.010614258263283525,-0.007585493358647578
-0.008142991961650536,0.011669619335695039,-0.0029864339590368978
0.00825722787837084,-6.833299933465968e-4,-0.0015634090923255328
0.003223173068680999,0.010643158109429363,0.0034879935657271014
0.009391201031063858,-0.012942605393813537,0.005852150872045097
-0.0167989897181316,0.007617688914182033,-0.022084355661454176
0.004936703976927274,-0.025313577921967634,0.007782490527256856
-0.01153298649648361,0.005053021333207957,-0.020038441896151712
-0.0018788938364247114,-0.006263805669104522,-0.002863542591529936
-0.007342221912914091,0.010158853197158712,-0.009329936720317282
0.007901489529422047,0.007568372636334829,0.007644650434917427
0.010766403059900705,-0.01187157197027691,0.005994131894531568
-0.00100176031961725,0.0013209535572746261,-0.009981001077887621
-0.002882073645266071,0.0017262867988814819,0.003548385346507577
-0.001647848726952802,-0.021689782275199618,-0.0020488876729897213
-0.00990133431400442,1.1433295093558843e-4,-0.01149648476826084
0.0036829022001640733,-0.008269342144254765,0.0061667394519791426
-0.01104077252930235,-0.003655288496697719,-0.005565704103970805
-0.004723052796588475,0.004640387107565396,-0.005562729138762477
0.01235693044465044,-0.004140627732271096,0.014388475467168005
-0.006590521784672193,-0.0038674492825267206,-0.00515538614380406
-0.004693686316247146,-0.010310327562378199,-5.903959619726153e-4
-0.002922121141916542,0.006655828860470262,-0.009021457870152978
0.006377368902436608,0.0061326715002404854,0.008709250561966024
0.0020810647742405567,-0.015015191240961803,-0.004716042197137972
-0.01983047619196799,0.001052609207742849,-0.01294212491088056
-0.006331957079269484,-0.0018493342171990047,0.003288650402750878
-0.0025119356861714646,3.369929912211434e-4,0.0038154206954042133
9.51400399227596e-5,0.006232522601084391,-0.0034772987098413994
0.006531451570425464,-7.975094987702642e-4,0.0013727559554772444
-8.813944517726911e-4,-0.0030312172825357107,0.0037450085730097444
-0.005574913406267577,-0.004861688444887645,-0.0045358632581690116
-0.011127429122393845,0.0020245415545645474,-0.012861556826228231
0.0030548582815860853,0.0034077601630431195,0.0056763787178449225
0.005419034540108957,-0.010667943915150677,0.009585862627422219
-0.005489736968766873,6.519168471221101e-4,-0.006716778142008695
-0.004347639174250816,-0.003788128599095664,-0.002950890153230815
-0.004015263079023689,1.6753117712480875e-4,-7.111166802690962e-4
0.0027564251121235377,0.0045519392944253275,0.0012623893351159472
0.012697224250900023,0.014683955539975358,0.02756853998608822
0.013092465658996081,-0.002505881161737033,0.009479692700642016
-0.0025174824608709934,-7.817340119105626e-4,-0.0010335602871965302
0.004747143520232582,8.561530082231072e-4,-0.008031467977060343
0.00991150777634794,0.002818419405275945,0.006863660795106417
0.00801629956364188,0.015619864963170542,0.00656082492140029
0.013997627515177911,-0.005614955825762038,0.016864221361007316
-0.009854048723207729,-0.013036075272811622,-0.002236546170953868
-0.008889028071259228,-0.004294314287995981,-0.009707403179495224
-0.004445070476621761,0.0013180300208833979,-0.007509659679015597
0.003816062063091293,0.003964731850791319,0.005015461714866098
2.341083373472051e-4,0.011265359296232425,-7.750848767052946e-4
0.019291029066530543,-0.004964827888421932,0.014701341966702305
-0.0066361892938074235,0.01285859391542116,-0.0018711819122551208
0.009344205381900478,-0.0012721785685294994,0.011013822057256803
-0.004766567129610702,-0.007414927645980723,-6.645947840004298e-4
-0.009176279312645428,-0.011162782761535116,-0.008888591942463862
-0.010892983088217185,-0.0017394616609747178,-0.013684725990050214
0.0031634496887438944,-0.005119032425849285,-0.0031125383366176584
6.285097614333962e-4,-2.9973291880585576e-4,-0.002865230572002728
0.009376447396733783,0.013901426973405729,4.270692839927234e-4
0.019501694401943583,-0.00552144499481353,0.017933610589303487
-0.009691410038609596,-0.0068982505962219744,-0.006625015927187435
0.0021432722710197968,-1.925009679772783e-4,-0.0020757448954916652
0.0023051105229166995,-0.0029983532041338904,-0.001936086504656036
-0.008436724665652698,-0.01133026056498813,-0.006306732277382454
-0.006715069097362636,0.0028757592334314875,-0.009397477278796858
0.0011536244495224024,-4.3813269630491486e-4,-6.897892816399593e-4
-0.0031503520278820087,-7.252338385070685e-4,-0.009130146359756463
-0.004763690062553094,0.013375158049029251,-5.657963893232788e-4
0.016699080230280466,-0.004470734890115705,0.012419173205072078
0.0016579190701671695,5.257454440259466e-4,6.838708187297166e-4
-0.001643620683739834,0.0011203101589584467,0.001661755985132004
0.010238395121753533,-0.01805546594725702,0.0028256759415939215
-0.023103171798834195,-0.004302335596301755,-0.017881879778376776
-0.0036687007962784854,0,-0.005018528278489458
-0.0012599881865909817,-0.002095020073261965,0.004456515667008117
-0.008447283934935783,-0.0029468415842338887,-0.020847034484557575
-0.0025413215373680585,-0.001978665130807241,-0.002610200271945908
-0.0013198786445954628,-0.0038307598411879773,-0.006564219560759141
-0.002551165608636968,-0.006350321568561684,0.002540522915699231
-0.006264653931723765,0.0049482213922876425,-0.00600487247621584
-8.057577293788046e-4,-0.007347653429868228,0.0053007535908537904
-5.425112430394755e-4,0.004409505125363038,-0.0042697806281008265
-0.0025722204556299405,0.012701160426507535,-6.857407688258705e-4
0.012549070190045749,0.0014160193306092049,0.00545103356647738
0.0034296909045589408,-0.006763084837952067,0.0041241182950649624
-0.007425349852620221,-0.006509034603078409,-0.005781090460488116
-0.002437792924736721,-0.005187524837164787,-0.0015115382885961342
-0.0063602238919798874,0.0033852313319498793,-0.007056452029951431
0.01710717530944349,-0.007275426521483433,0.010824464680529836
-0.0040178961379975725,0.010960093120380716,0.002026174967080357
0.016707247356265754,0.004797760239991808,0.01705586550296256
0.0012640053823870082,0.0036810477189772096,0.003148012027970855
5.226664721180189e-4,0.001835427554291937,-1.6566383447727217e-4
9.23506153111736e-4,0.005163896892525214,6.794719066226165e-4
0.0040127964637169285,-0.0019353010572737226,0.005102537009709552
0.004878668751912693,-0.011116227169262393,8.570337086765948e-4
-0.01242090334181949,-0.007403744795279753,-0.016530707926298942
-0.003147727056547125,-0.009336728080115668,-0.011755803405532284
-0.012814128201202268,-0.004636187734594315,-0.005493538443287162
-0.005371136821586226,-0.0076157036391413125,2.26911658032958e-4
-9.963095635313122e-4,0.0012922161229376565,0.005427234832036354
1.437650135314945e-4,-0.004898908385106959,-0.0043803721629750185
0.0016994125511186303,0.004563248732077739,-0.005880780307525699
0.002644984630628043,-0.004648951662389888,0.0038690016444500206
0.004069844002909717,0.008364056289408074,-0.009661020299508606
0.012062648403317494,0.0050730101451858314,0.010608480021484032
0.0028816506463989256,0.0020682627381402633,0.008335561617902408
0.0020905425117143644,-0.010560542743880354,0.0013709112793496717
-0.0029386026753146755,0.008447148815002256,-0.0033638071431999154
0.004479513179924547,0.0023666382822394175,0.005043677506696167
0.006883245112691585,0.0023610505270736247,0.007111121166456838
0.009294720635531148,0.003967536796738111,0.006456747425879817
0.003522396088741266,-0.002906880044207007,0.005712967300749729
-6.143055580501941e-5,0.0014236633143376457,-0.001944516252501997
0.0039912385570301965,0.0017460383586495884,-0.005033489034028219
-0.008606941318142805,0.0022617704254468056,-0.007207234320269796
0.0062755088859286524,-0.003638212032340352,0.00382611174287127
-0.008236434697256507,0.005048654180006804,-0.008434222992974414
0.005624872176352434,0.0013194455656408157,0.006940653834625774
0.0020916768840319134,-0.00912662366236963,-0.0012471048408373064
-0.004149902781474851,-0.002068229932340202,-0.006578064934548173
-0.006543909131625869,0.0017201899699313828,-0.005605388830840538
-0.001137831772488758,-0.007860038552871398,-0.005615291553217794
-0.005314467057196754,0.012806895444831764,-0.006375847733264697
0.008042251768037365,-0.01117230280984026,0.011222544832836204
-0.0064612693557272146,-0.0019742896285427536,-0.009387983485913347
0.0014538338425073535,-2.6617660125045873e-4,-0.001355835013322066
-0.004435327132795957,0.0016073079360322481,-0.006002867618768544
0.006107259897632627,8.591891366313984e-4,-6.184510726999092e-5
1.291829534191916e-4,-0.005620641185340652,0.0014127361360788894
0.008188805779049988,0.01820309597157889,0.003443740226203526
0.01763066514927445,-0.003969245846528359,0.018287189701735235
-0.003410548740425396,-0.006474041872777098,-0.004247888934941124
-0.01324745753375512,0.007901394009578275,-0.006767995065775864
0.010224270883610763,-0.0038222451658508636,0.009962040749778547
-0.006480073913111146,0.004018005008301952,-0.002167232487569727
0.004657090670211076,2.7953454744463315e-4,6.018022776115497e-4
0.0028270229445861777,-0.006776872838663166,0.009296218574838155
-0.005784732512759111,-0.006415072835583771,-0.005619942373023246
0.0013621765517566045,0.0031731782986942764,-0.002975358995237974
0.0034372926048766047,-0.0022784655380521353,0.011699172269147923
-0.008291049460347977,0.0032662593106027515,-0.005563790495957178
0.004278993817495764,0.0020683812856176573,0.012401123224807898
-0.005211901332341511,-0.005244081393079563,-0.004369639273864104
-0.002143711685903784,-7.7567882860701e-4,0.008986449301328095
-7.598267744023271e-4,0.004724056366529716,0.011052803587119792
0.008478268256515348,0.004348180106414182,0.0026170758124886943
0.0064429234561709904,-0.0010445507416412356,0.0035244660049454425
-0.01115101165007497,0.004333981954016664,-0.0029327963691987277
0.01067353471187578,-0.007727813648878444,0.011049603162893464
-0.008772548673814665,0.009510868298571847,-0.012558806957913882
0.003424079410838293,0.0023315586540088016,0.006885583392807293
-0.0034949013739255653,0.015079288754524741,1.4091743738608108e-4
0.012088182340277379,-0.004190788847827263,0.012041730590182442
-0.0015136272174830563,-0.0010200352407545112,-0.0018930008933687327
0.006054565630524706,0.006527111689989532,0.0010411842139025269
-0.005260070628934363,-0.0018652525418250388,-0.007781797316922904
-6.214851826295694e-4,0.002911561386009718,-0.004477613244744313
0.004323737223384836,0.01162715183649906,0.0030809871041287203
0.007631373185161007,0,0.0019291696660127466
0.007569129751079832,0.010117657078268795,0.0030738002692745894
0.00454152696901863,0.007828611450747182,0.00914905264387015
0.014060027536315923,-0.00645270150706628,0.012997269373732212
-0.002184601908881676,0.010039529221541868,-0.004310945721931435
0.007224724780270318,0.0010588143143449528,0.011775831380236116
9.263125378197931e-4,0.007532406623861118,0.004467375713311619
0.004471540093269798,-0.013161979589819107,0.003267166062614739
-0.01521424669505946,0.004639665179458463,-0.017576438531928668
0.006686652620563883,-0.00437360359870524,0.006152480035791099
7.542647152350651e-4,0.009634799712265756,-0.008486556135726396
0.0022411638057228764,0.004295037404109849,0.013138092947640918
0.003852132931208327,0.008956497606554151,0.0049357459423995135
0.008633179222241553,-0.007231987835153919,0.00247457113030912
-0.001956323142154081,0.004342316522297901,0.0038465493477360235
-0.010690233115807683,-0.0027986943778658883,-0.006023367321150608
-0.00462308895525736,0.005282701666956495,-0.001441989612844484
0.00801626356364039,-0.002869928472087487,0.009703918499429906
-0.003052850615854633,-0.0029201437155915735,0.003007119109249676
-0.005057893697403266,-0.006982043162148119,-0.005794310878131234
-0.004238261872356274,0.011497006531298003,-0.02217394600954523
0.0063057991390904925,-0.00812586522455551,0.012239484706381925
-0.007006487788009103,0.004562565820040062,3.229503747111831e-4
0.0036513232689842556,-0.0022550298772940256,0.004486024512799696
-0.0024853922774041117,-0.003400202578040113,-0.006109565559193613
6.049565306820033e-4,0.003981425299184822,-0.0017501941768259504
0.005527407881302711,2.8789405697620665e-4,0.0024406379165093266
9.825409116916855e-4,0.002639471606204837,6.899274872716715e-4
0.013026874295497932,0.0040892917518729355,0.004836286672343992
-0.007120654988269501,-0.01752113020673767,-0.0024748600385544415
-0.009432593248369838,0.004855481777753303,-0.005376056849889578
0.0029836282176399845,-0.010181221099317881,0.005073763096788019
-0.009398840812491791,-0.009319144299631205,-0.008691316362590936
-0.002725693258059729,-8.539595505837141e-4,-0.0039650676063423046
0.002268196018155825,-0.0040163939874575845,-0.0016251881595293984
0.002873110324313655,0.0014123681278561152,-0.0021938195781214375
-8.994732118398155e-4,-0.001574223203175439,7.277932123876256e-4
-0.007084275176940985,9.38448887562164e-4,9.735652514384496e-4
0.001915602315795741,0.0052258232005041975,0.005540760404071161
0.008559110956340496,-0.0019591578428330976,0.013049487674773905
-0.002427712633361507,-6.447765045679681e-5,-0.0019083519471786502
-0.0022660208481970062,0.008539240665832845,-0.004409676755075764
0.005482133642755567,0.004311394110499319,0.004147590143423187
0.0027746802298447546,0.005359223839601804,0.003287526912411145
0.002641642134019104,-0.0023506303661778197,0.01212018472829365
-0.0012998115218934687,0.00766039751909547,-0.007715509227359074
0.006375102762915569,0.00608012756574705,0.002338551037215418
0.0036830815792349286,-0.00822377363435109,0.004598325819141488
-9.284320673761176e-4,0.005287742478400161,-0.0021709970666724514
1.1114098632175547e-4,-5.547385805931408e-4,0.006982002909763921
-0.002300036432490101,-0.002374143813883368,-0.008191003088784222
3.2516705064484884e-4,0.008459408220010763,0.0014835692162066762
0.012860034102282638,2.3936487939604114e-4,0.00885168022051066
0.0038124197541145083,0.012648497313653069,-8.283798469667619e-4
0.01088747123630708,0.01363131523431901,0.013160296840565867
0.011112948398262028,2.58277627085153e-4,0.011798582734200667
0.004410871697906391,0.006775082755312434,0.0023234095833046596
0.004947440085096017,-0.008473449430920545,0.0061970878797089094
-0.0043336046818231175,-6.039626354128697e-4,-0.005667212370264189
0.002800490545366679,-0.0020432524706638492,0.0017730399884118273
0.001749556735385566,-2.2892005271965093e-4,0.0025952875947459924
0.0012847068671364785,-0.007842015446441291,6.77342917352751e-5
-0.0028812288272275313,-0.00753180626479109,-9.723400954587752e-4
-0.01192679408250388,-0.0022816444229050445,-0.013667638728663757
0.001920411276852982,-0.006912478004187669,7.648790041402101e-5
-0.009028535141300009,9.435934781618381e-4,-0.004820137137243233
-0.0049844880738415505,0.002736858054345345,9.601554691103539e-5
-8.186984893853812e-4,9.505112927091231e-4,7.68084550758648e-6
0.0038479831441599346,-0.002474064568298345,1.421234002542262e-4
0.004079570157971354,-0.00953772566575258,-9.297171117869132e-4
7.300967161292384e-4,-0.00920002136652718,0.0022765629523654866
-7.387406176405827e-4,-0.005647215691567113,-0.0023149595939440247
-0.004921849733378556,-0.0019002711419391337,-0.004951239350945523
-0.009723940133322733,-0.00696977373723595,-4.791617658624649e-4
-0.0018789019944049847,0.0018060927303400068,-0.001574055270803378
6.983992008503907e-4,0.004677371153812649,-8.789732606866392e-4
0.006665101291606644,-0.0018458531073522028,0.013284386024742132
0.003226841738888152,-0.007433859482805674,9.132126027645605e-4
-0.0013617549162098584,0.004011420150867498,0.006673112098282904
0.00395825847645044,-0.007172602416715856,-0.0010438909607497827
-0.003797144043084926,0.006543586047033541,-0.006741281414669423
0.0029295706171572227,0.009003534771836654,9.899087602123241e-4
0.010611667370103094,-0.009579037240356119,0.014542845830874625
-0.00805860458860262,-0.013765023334473308,-0.005822092004389541
-0.007085834794481844,0.013199955763459016,-0.00972978096267321
0.01176335487769675,0.012799639878435855,0.0060004833262660975
0.0026292871696522537,-0.010396223410338709,-0.0029880402502790366
-0.0092698226058389,0.008379885023911434,-0.009295340810565406
-2.2124325786348052e-4,0.004839744649792194,0.0031885944580995955
0.003629096041570013,-0.009553200017274896,0.008402833054687071
-0.009525224082775504,-0.0054509254456777696,-0.016756965378920168
-0.0013538302356047751,0.0024823774783172613,-0.003700567898215526
0.006533792307240892,-0.004259338514098775,0.004921988444979688
0.00428046014390645,-0.0028279085600973045,0.004501894380728133
6.91679527858035e-5,1.2964834108151948e-4,0.0034167986004943357
-0.00826911970209288,6.590604845499603e-4,-0.0060506996422467286
0.0013415921656110114,0.009999895262488963,-4.3194379231737047e-4
0.004859068622518617,0.007176089290251999,0.01061703144844171
0.002146310367766149,-0.012510124894247115,4.2021377895495715e-5
-0.00815089058319348,-0.004514661139951238,-0.008897739209909931
-0.006146037817182528,0.0077291364940204315,-0.001703453179641851
0.008353136407089267,0.008812469248780787,0.00594176527773846
0.0018419730892204275,-2.0714875744993905e-4,0.004533472192057621
-0.00327797941411281,9.504063835119787e-4,-0.011150484298159584
0.006761401624375448,-0.0018432303705015428,0.0017161626197443125
0.0032559694713076804,-0.0012555530604249573,0.0010128884166214788
-9.834630762939553e-4,0.0034702051845930406,0.0012771639467763056
0.009893503118312892,-0.008080356737669107,0.007144269315017469
-0.007794081553433755,-0.003927792890727565,-0.00718271429257047
-0.012475424499259886,-0.0012894215508094393,-0.011060259301842424
-7.022671302655179e-4,-0.0013503548972289994,0.0027251887035143925
7.284726489879656e-4,0.0012750872939827902,0.0020487009150427548
0.005019125579664276,-0.0014580830677431993,0.005147728466861129
-0.002315105563267874,0.006162156708673288,-7.778291712838011e-4
7.476603362395854e-4,-6.797834237088362e-4,0.0038291981965139165
-0.002776111574135062,0.0012147630804925835,-1.6877540017720097e-4
0.005644196892501709,0.0024892377414354153,0.006933929567832845
-0.004690399378025561,-0.01615093931100271,9.637696857773037e-4
-0.008731274276061005,0.012409453719266226,-0.0067777062157465
0.010588349634231966,-0.008810405527585488,0.010282278682761438
-0.006858242145954834,-0.009902898412243625,-0.006883805536537329
-0.0011688486159512738,0.0028767978259098834,-0.0030880399533597257
-0.0011132100018301431,-0.003209682768123239,-0.0015494841305447476
-0.01092989018727486,-0.008407878567913831,-0.010053011444283139
-0.008686654814600514,-7.706068532780031e-5,-0.011648512072030583
0.0019388581306983867,0.0032259599369468114,0.00178711857986468
7.004754149627438e-4,-1.206624054750039e-4,0.0030377512334982797
-0.002107324731809705,0,6.39955990185392e-4
-0.005386879508873163,-0.006844306576763889,-0.004751178644317801
0.0035437142300957817,0.006564405927592252,7.327227638396426e-4
0.005781853981867789,0.004665685633844334,0.010105209673985172
0.0062354885867830015,0.0015176912173833924,0.005244136490910534
-0.0018155817282775372,-0.005064298842772431,-0.0017256978487392692
-0.0018011228611973713,-0.0024703434261305543,-0.002057693480022038
-0.004619644786468844,-0.001231960733076638,0.002158149007285635
-0.006929302569204397,-0.006526102593180817,-0.006507913641097092
0.0014901346048451735,-0.0033902195268528247,0.0039780388749988075
0.0010444942457696102,0.0018048499608730045,-0.0013760333950958539
0.002550700339406602,0.0028475760969607572,-0.00426386274419437
0.017459237786946965,0.02032225338639865,0.011856453676720414
-0.0011073224534934568,0.003960348292046655,-0.0012247768318379834
0.01659051979869348,0.021717047622600783,0.017190413110859275
-0.004559469431587652,-0.006099975560952696,-0.0027692862322082124
-0.002984427517499476,0.0018535194283131938,-0.0017414039072342125
-0.009820762789083545,-0.004690845816615839,-0.005908134845828189
-0.0053381930187895825,-0.006487576003013346,-0.017107236683723666
-2.3004981564760633e-4,0.0032196331786353786,0.003145233018746161
0.005172122607012116,0.012669982700027099,8.420718210308598e-4
0.004760115640885879,0.008168076915319653,0.005534784497831341
8.714900876709337e-4,-0.0023546359240214972,-0.0024484070560422443
0.008034403964543286,0.010892892400795781,0.008014176198432463
0.007143026579148947,0.008821296533029844,0.011543803613248535
7.498018164365166e-4,0.006337577213801733,0.005109452588256276
-7.498018164364657e-4,9.510735752637793e-4,2.791534460790315e-4
-0.01138984145383817,-0.017024385439886335,-0.018663850738697158
0.008631266650884671,0.0054692678708032115,0.0075829221505767696
0.010184728651869056,0.01203534689892606,0.012863092728138487
-0.004529047830993001,0.004729153426298374,1.355537932584997e-4
-0.005932432957986697,-0.005444548800372717,-0.0019516979933959743
0.007513110072846333,0.00946808676921841,0.006863074797948804
0.004363817700882045,0.007124449441495402,0.004022172328620609
-6.49725385655373e-4,-0.0033388676355662825,-0.006140776991785216
-0.003911492077275296,-0.003092055131352841,-0.00305629262598417
-0.013118171633696616,-0.006498063479795832,-0.011793676895715168
-0.0018981555294294405,-0.0034692183934517326,-0.0019028702503705007
-0.00511577196121254,-0.0017033981099699254,-0.007844117284446834
-0.002640301167188408,0.002709668522285646,0.003080589361029039
0.005046290393698951,0.012869890187450586,0.008280349197337061
0.0083976773246028,-0.00326139377815643,-3.879661310636557e-4
0.008903326363799705,0.00646696827986473,0.006942893838531292
-7.088835351569942e-4,0.001952522711664064,0.006208027227161143
0.008703271329794671,0.006044107268262101,0.0031832295644092486
0.018994014718901542,0.016343610884660516,0.023474381883771364
8.276623137888115e-6,-0.00493027112359897,-0.0035972184187695795
0.007122620538432323,0.0060966063174166816,0.005744939666066103
-0.005401860790410065,-0.004511156667989887,-0.00476555901325896
0.010667276965332402,0.011529428705865548,0.008520341251937489
0.004107838306496046,0.0063363739070487314,0.006373778953868318
0.0029683540065021945,-0.0018332390745294884,-0.001160147924012251
-0.011540979492156513,0.008883457534447414,-6.511194057427556e-4
-0.005630964653756943,-0.007504599132388007,-0.006720389521479936
-0.003220655059956515,-0.006456094697784353,-0.007576698995229321
-0.005008189655024237,-0.0019142189640527895,-0.007801075252496341
-0.008203844754725593,-0.007384440790374164,-0.007441097634809927
-5.93564908617264e-5,-0.002419486773063546,0.0033560329753242013
-0.009178928779106532,-0.013872083845714357,-0.012833893456068625
-0.00336035359862817,-0.006244965370878195,-0.005686158616194943
-0.0035784830510433934,8.436191760838201e-4,-0.0034987252701115835
0.004145005099273297,0.011587707696350188,0.004016990342135332
-0.020824694297928728,-0.0213376329848,-0.02420788069017241
0.013088311361187164,0.0032891770284693474,0.012697591695802321
0.004986444523142024,0.008536684229965601,0.003727025777378148
-0.02168267788806756,-0.023859936211571238,-0.019513602815806715
-0.0034399362654485765,-0.00356644740933284,-9.099252287182809e-4
-0.006893585009965058,-0.008863343704046735,-0.009926212072685582
-0.004283125897025462,-0.00999136532493492,-0.003968235351787266
0.005872321214936249,0.006098536637315653,0.0026551336603349352
-0.010572629736381213,-0.008683046782916863,-0.007935131267910381
-0.0019025765763844922,0.0024532919004838787,-0.0013094271305733483
-0.006181184870444359,-0.004675421424506473,-0.007396872238787601
-0.002488666432793604,-0.0035752328051500185,3.9601504063673214e-6
-9.382953787612146e-4,-0.003657086360254374,-0.0028601892640846994
-0.0018383021015013175,0.002746715480057437,-0.007041021027134207
-4.0888555567097385e-5,2.4355247882091913e-4,-0.0014392968209215153
0.007842735557348062,0.007704738720144013,0.002807861541004105
0.00669855961062075,-7.568201608020798e-4,0.008780663741848441
-0.009800250323399217,-0.006259991503387826,-0.009075179558102666
-0.0038009854014252457,-0.0025266255426675197,6.615808278706405e-4
-0.005416046518309694,-0.010637345687150841,-0.006376119024442123
-0.009487045480031547,-0.0012228195346869152,-0.008187471067351541
1.06004867155424e-4,-0.0013802698078049928,-0.0011956091455245668
-6.958938192346588e-4,-0.004098364957635478,-0.0029049326189178894
0.005727460967997932,0.007221335033482025,0.0060382800335291404
-0.006188553950954663,-0.004015627568019385,-0.0034980469615498856
-0.0036547569795620277,0.002358795530615374,-0.005214521226492701
-0.00627791009631932,-0.0035159405856077146,-0.005312347148935561
-0.0026399736097568963,-0.0022644448848900527,-0.006853369855157791
6.075932958226582e-5,-0.004506376320592891,-0.0037854516178104443
0.0015306544111734776,7.750488858447593e-4,-0.004346384651034106
0.0066365289533733916,0.014196386256152275,0.010252253283793342
0.006749265061460124,0.018323155564106262,0.012805871728518284
0.004013183428494682,0.0032985706428301526,0.0036295263002099963
-0.018276037059992842,-0.013201701843849006,-0.01663512917271131
0.015288286066810743,0.015983977877589928,0.013223374183045672
-0.006006762498318501,-0.009242960164703773,-0.006995166725523256
-9.854669644662475e-4,-0.006825767960050028,-0.004091045824799954
0.010708285132692287,0.006615302567675877,0.010523262222200151
0.0039485822257973235,-0.0031464715146478687,0.004641793503930268
-0.008409453800862722,-0.009360707525589866,-0.009321626811143763
0.00936227118048722,0.012649300653062334,0.005706883739474574
-0.003263450812290997,-0.012633368813202614,-0.008539477806760242
0.00411069539723472,0.0017302634429907325,0.00393454106236091
0.014715407024150718,0.014044455100693149,0.011580876373266642
-0.005317031936642528,-0.0073541549009987816,0.006324078125477299
0.004800918225890077,0.009125374623184676,0.006719063745535309
-0.005283638431238955,-1.5179321405619204e-4,-0.00643958849849226
0.006059974185397219,0.0045818554050834305,4.657265386670493e-4
0.00701708869280995,0.009519405162257777,0.008702774994460347
0.0025887522539314286,-0.001612091810182139,0.0026333070792944817
-0.007289750982685443,-0.005413682985722294,-0.0050402404310351916
-3.042915991804372e-4,0.004223487588985023,0.005144269508516997
3.088111912654038e-4,-0.0024987831045236984,0.004930888516954203
-0.003518928498786935,-0.003322288274387218,-0.004622747373547888
-0.005999450481106171,-0.009139693827290738,-0.006341949823585525
-0.004868283189241811,-0.010407678510785076,-0.005305135547551603
-0.0032283305694737674,0.0023816949121371546,-6.316207408143758e-4
0.005282647197696683,0.002354841078132074,0.007131963529453271
-0.005319128254957422,-0.006958800537034764,-0.004470182070972906
-0.002238728932263134,-0.001736682775529582,-0.004340198469266688
0.013096756295995417,0.004266917393649308,0.014669166126587198
-0.002399716072675057,4.4060394503157835e-4,-0.014729989204870134
0.006576394217629837,0.0064374556152374095,0.009361790746869374
0.0019811399561500205,4.955035788180623e-4,0.005851884052452849
-0.008534953623310346,-0.006678218291261743,-0.007875976143214905
-0.01220887677543463,-0.003316065402097037,-0.01010078928336893
-0.009425062535727108,-0.005990247751340752,-0.00946010456452485
-5.262283398451662e-4,0.0017922391004846535,0.0022607317410124244
0.0026514483500737025,0.004224623011434203,-4.512359901684568e-5
0.006330207571944556,0.012977527555912409,0.009865557452288102
0.007372053898102492,0.0037026338911666555,0.010170859407967366
-0.018063600568940713,-0.017846534877349787,-0.010617450716560835
0.0069827194091874895,0.009451442443543524,0.006890618662504174
0.003621880091154355,0.0025464558494014667,0.007555926992833309
0.011348814248015976,0.009021041586806345,0.01268121399132806
-0.004857758251501588,-0.009848007734777424,-0.007786934030701899
-0.008602989199658023,-0.005760605583243211,-0.015062495636512777
2.8433997448728925e-4,-0.0024889164579949483,0.0012888083540448549
-0.0048993119067541405,-0.0036197546291886424,-0.001624372985722064
1.5658831547337435e-4,0.00603446470191291,8.892609133584562e-5
0.010429888197696786,0.01446624589354445,0.008263544673716159
0.012057810817153342,0.007272153965550354,0.010714530680437383
0.001898925563076687,0.005807782676993577,-0.0023954105399364837
-0.005120034261166158,-0.005351408140786322,-0.0041888109451605265
0.009350336272577267,0.015872175543943275,0.008546323822797143
-0.008027208124864725,-0.005926464376436425,-0.01074144709917887
-0.003127688883270391,-0.005765492662478032,-0.004641906177164075
0.03265586462086022,0.0346585779503109,0.03235343759982855
-0.0022149908110728114,4.337583734760936e-4,-0.006930638806797388
0.009400861592498313,0.01255691182773626,0.016751826732655024
5.827712657754552e-4,-0.007574726966933873,0.011160269261443641
-0.008079722688151776,-0.00753258914201505,-0.007400704821133437
-0.0061943488951727325,-0.007116489354438922,-0.0030195487599217028
-0.005532164101088493,-0.008187041419085264,-0.0040880588848490225
0.007435405504957514,0.007774144033471361,0.009006963417700199
0.009492986648006,0.015186014653046673,0.010498412056717393
-0.007079487172015237,-0.0031391740184240685,-0.01302017209745659
0.0030120877765848616,0.012443904876989882,0.0055112646735248115
0.01324649399178085,0.005033300422595199,0.017747989547040148
-0.0031500177490013633,-0.0032709691735467437,-0.0053650118187025175
-0.00639969997791201,-0.006993996980334562,-0.02465799514659396
0.0025568964238948766,-0.0052839067951873896,-5.034060099585401e-5
0.014738993424117957,0.011257259202852433,0.013219400217444865
-0.006683938940960156,-2.464692785008373e-5,-0.0048538591830080274
-0.004585024586162464,-0.006087009875067657,-0.007008238211438167
0.0035443918708659,0.0023535547138241325,0.01003120813637428
-7.390009130863396e-4,0.005538682863697388,4.9770562879921404e-5
0.009513288492663113,0.009244441766491843,0.009908439219394763
-0.00989380600105977,-0.006738297467580278,-0.012348235517509886
-0.002815177649431325,-0.008927359248653677,-0.0026417985482199086
-1.821738629874603e-4,-0.002409972918390552,-0.00545550521639536
-0.0076114436372293655,-0.0031744093215285377,-0.005648670216999096
0.009119970073921211,0.008569032725101367,0.005942480900551591
0.0076673029250488595,0.008091371093748969,0.008275025377464208
9.537128252551603e-4,4.292375242513173e-4,0.0010497302231183539
-0.006371257180326427,-0.008550165172071201,-0.004693805794644494
-6.095739610138209e-4,-0.0029254992305335356,-0.007440816179079032
-0.00244617987741848,0.0020153101355707,-0.01116215249699511
-0.009652355832133483,-0.006707125384540865,-0.012136790478389043
-0.0013227315575736409,-0.006333364288420474,0.005013791257503123
0.010064360262986334,0.010951141816247551,0.012937877893419124
-0.011718032981335178,-0.006562251520555254,-0.012054084820374332
4.126105081451458e-4,-0.0035016375079663827,-0.0010141397234744737
0.001074507310255869,-6.728821289674337e-4,0.0019010532665117296
0.003089937485642582,0.0014448427691714759,-1.6152453025877614e-4
-0.005389475080888092,-0.010862712020691924,-0.008226923344240888
-0.004707694023786029,0.002643898160884953,0.001127825640174936
-9.097855428798772e-4,-0.0030366127441633015,-6.272953059298023e-4
0.0063553119540873705,0.0048873348391756735,0.005473602296695143
-0.007411782565124299,-0.003232142534236676,-0.005846990080130566
-0.00441493992770375,-0.010658105946418521,-0.010704561944599669
-0.001658415726445243,-0.0018816720924261403,0.0010996593424758344
0.0022801682001763143,-5.957367119800918e-4,0.0030999331945634747
-0.001270607981590213,-2.750242051624322e-4,9.752910343466113e-4
-0.012903199887814286,-0.0010500561674393666,-0.018836866613178033
0.006051808594704725,-1.632145101322442e-4,0.008274437051024626
-0.009602075803440866,-0.01141943925372987,-0.002984091391840718
0.004531413098228553,-8.930871769070517e-4,0.002487367537873422
-0.0033751921854492124,-0.0018969573924366974,-0.005062051176026366
0.0022138166174683264,-0.006332124401972088,-0.0014870314122875537
-0.008625981810165198,-0.003917921785969428,-0.008128291760766028
-0.0035953581291460657,4.2336364849037013e-4,0.008026597187946105
-0.007004775619320965,-0.008674426089961804,-0.006175503127918315
-0.005834150085821288,-1.1068622837452761e-4,-9.209824269090577e-4
-0.006212250336017635,-0.004776431308160118,-0.003746078405852118
0.0061059801133720205,0.006035370214733054,0.014224201654774142
0.002578561994497447,0.004899692604207262,-0.005327169301205438
0.003366495542758168,0.0030600062861613595,0.006104932248551136
-1.6070858746476815e-4,2.714910948248053e-4,0.0054760398504417615
-0.004962469041476025,-0.006805545432726139,0.0022488097289487
-0.006965036470410731,-4.837022184997434e-4,0.002872988678556089
0.007048008703832642,-0.001289402606402908,0.004856444921372141
0.004015773919666618,0.00256138654696923,-0.001109107561470709
0.0032761792233351877,0.002801063507228291,-0.0034749524322851364
0.004825849766817002,7.540540841935315e-4,0.0037383372067312653
-0.0031963041640515753,-6.388225734858032e-4,-6.027061680588252e-4
5.167198959834758e-4,-3.1953819146114204e-4,-0.002775142579921001
-0.001248705088295403,4.2428258904095425e-4,-0.0032246189685924778
-0.006036766474818825,-0.003709339273010965,-0.00936764602918319
7.822877712875738e-5,0.00444747611311524,0.002158943345202437
-0.004286449116879139,-0.001833257897538415,-6.921089317063985e-4
-0.0013372294814793665,-9.44251937813726e-5,-0.0010289900601662917
0.007808341571883722,0.011261719405755032,0.0061540490885643
0.001996425328541787,-0.0023721107913885217,-6.971088882126901e-4
0.002966681966729558,0.008852281883241001,0.006525322465437163
-0.005661757543597595,-0.008031632091202355,-0.013069158485122738
2.06952824964423e-4,1.3510005316552795e-4,0.008533253301549233
0.0010473461269600926,-9.298182709359691e-4,4.786411509584412e-4
-0.0027357535085733692,-0.005319895936448998,0.005797861495768202
0.003887632733647766,0.0040199431073547065,0.002192448620792454
0.0029630108583204957,0.002909615303375894,0.0031863017373193496
-0.007389434090595166,-0.007582869033562333,-0.005686642598261049
0.001638635328503802,-3.973375041122869e-4,0.0043217588346168324
0.005220171394741804,0.0033414640640367587,0.012587095032012146
-0.0022351446551740492,-0.0010691144876335058,0.0035484111486705234
0.005104246237722466,0.005110974459570632,0.0016756387899971982
3.2841621576549e-4,1.298279983298148e-4,-0.0018833659633412344
-0.0025023301153852965,0.0014627089690944243,-0.0036395336540594363
-0.004587090434273107,-0.00186761413666367,-0.0035936535102708764
0.005975971963420448,0.004755568892585322,0.007307646309787735
2.0552526111103952e-4,0.010467424268690621,0.003571478540466723
-5.251731178380223e-4,-0.0035658917682271953,-0.011463564821410248
-0.002922661513907352,-0.00472804389496331,0.014337258869459583
-5.0295105856984317e-5,-0.003145525646535369,-0.016321990271958915
0.0013046097084584163,-0.0020869752917288425,0.01404945249189179
-0.0010069984283608434,4.4049166505587647e-4,-9.096819278528404e-4
-0.0040149918006082055,-0.004945155912767814,-0.002091852318878063
-0.006837193178579541,-0.00768434353296134,-0.010885628060814157
-0.0010143374444585352,-0.0032535922268895124,-0.0021707964343875346
-0.003918787777955075,-0.01034573399799131,-0.01513976628796057
-0.0019605530612910814,0.0027092369621955358,-0.002923194691741905
0.006486214278437519,0.014044153648843136,0.019101371826950746
-0.0029730246776785113,-0.005297372624171059,-0.004013152261721282
2.0904984321789302e-4,0.0038054093166911625,0.0035336965338383613
0.011703869250742143,0.014340239344189832,0.009325842469076813
-0.00233444176698837,-9.55795972027861e-4,-0.00792778173099181
-0.0013627890142599406,-8.223464381701425e-4,-0.003242699657731415
-0.010452435593104735,-0.008838963740823703,-0.005346975377484512
0.0028311312978178036,0.002960283931899456,0.007512597697912479
0.003123988635678118,8.315597213515043e-5,0.0031606956814358624
-0.005010518631554962,-0.00369612972472288,-0.010868920514653404
-0.004942311680974263,-0.004475446041390774,-0.0072571963473975565
-0.0012860983160360717,-0.00406885004064687,-0.002742646216498186
-0.0027886199409621728,-0.0036994900377193217,-0.00414225823610688
-0.004199780156515532,-0.005694524051911779,-0.001884942948227354
-8.39199484390864e-4,5.581647687792298e-4,-0.002750523360722673
4.2450727682512034e-5,-0.0031563452688615624,-0.0016082952541844947
0.006084791793989506,0.00540715701608765,0.007292030409832126
-0.0012102919483349159,3.445981439268938e-4,-0.004281099190187543
-0.0025001305994675244,-0.003387564939767264,-0.003487902935240885
-0.006240096295575926,-7.92783055747214e-4,-0.004404604705451906
-2.461985854763142e-4,-0.0010331569719795445,-9.463820033432471e-4
0.003762785617988396,0.0031068446673669856,0.0015031816264253113
0.0016500409960145165,0.004097648270474119,0.0014804108404623286
0.0023572349107210074,0.008685470317853898,0.006021897149368897
-0.004507493024793808,-0.002394320074671645,-0.00361781096942224
-0.003139437952980039,-0.0049589445058689586,-0.0024899088825561947
0.006852412642076902,0.003680759290432543,0.004664557669564156
-0.0010964371600031724,-0.003173718811402321,0.004493153331226852
0.0016325007299198989,0.0023469917869498318,0.00400922837365826
0.0043667004726250765,0.006851105440120313,0.005233916713345058
-0.0018222407354614937,-0.0028974822096453365,0.0060923323198022765
-0.001971193068893425,-0.0034322843346730977,-0.007457538498522217
9.015520533061075e-4,0.002487400283017878,-3.8977558739332775e-4
0.0028591201083770683,0.0016163485594889223,-0.0021165368614211102
0.009368088207858394,0.008084397047775959,0.007352276852777468
-0.003176522431369151,-0.005350953093712262,-0.004817839245882544
0.003973711917316271,0.0043725546679656765,8.153659698491494e-4
-0.005733497100443654,-0.003301115727637823,-0.00757605757807094
-0.004731412206940044,-0.004324086175813393,-0.009596287360602316
-3.5582673912552777e-4,0.002012474473767988,-0.0012505109925473148
8.707762946231664e-4,0.0016427503090789101,-0.0035598378522037097
-0.004131034326754364,-0.004416237819198843,-0.004577965929926764
-0.0045068185045063,-0.0033396034799043945,-0.008483100298566542
0.005136242696114017,0.0025254133000212472,0.002512308255629032
0.0022982117077892422,6.461119259070498e-4,0.004865322745311909
-8.904877645572796e-4,5.19685767447777e-4,-0.0029511470538209524
0.0045708002674822645,0.006810431122953652,0.005033155851314122
-0.005321386679270924,-0.002489699462409373,-0.004768271633139761
0.019627881387113785,0.020150447061432146,0.018515975193587268
0.008978319780491791,0.004588636623512727,0.00755171605410062
0.015457880917471727,0.009564308627181344,0.01097451869039413
-0.011325726658164217,-0.01200927783901579,-0.008964678257275193
0.0070417994743653825,0.009273671695146757,0.008154830755162403
4.2823231964351697e-4,-0.003799870134609544,-0.003173855289612683
-0.0159484591507469,-0.020291557103059202,-0.017708084996856895
-0.004549270484341193,-0.0038822402205745845,-0.007670396273050285
-0.0035536653366205484,-0.00513171158229271,-0.0011505116936590045
-4.202738113372277e-4,0.0028066782828340786,2.8775204194181466e-4
4.1481029825685024e-5,0.001111137278258776,1.5206406447239328e-4
-0.008232828194742402,-0.002594559367399077,-0.009289449655996788
0.0024329296035406505,0.0018174512021446436,-0.0024918301671636293
-0.005156485836619043,-0.002266970478186468,-8.361118762014699e-4
-0.0021130982505637766,-0.0060529630731406105,0.0014264476836677788
0.0042822751969674566,-9.738843762342191e-4,0.003314880736627255
0.013087727348281848,0.005786668263218399,0.008570291234519583
0.006971210453938528,0.005003457322803255,0.004711559582676278
-0.0015266302393009403,0.0012026690087385775,-0.0025783653779019797
-0.004355173791505549,-0.004239382488337946,-0.004336715927824262
0.0016342498254794005,0.0018846505793768727,4.5230896842353554e-5
-0.0021903658184628427,-0.0018690262729828646,3.580297424303935e-4
-0.009064578717004185,-0.0019405345926444253,-0.006513216357821592
-0.0018572726904169947,-0.002930903238239806,-0.005880813563609353
-0.0025593313178985818,-0.0021132372941972425,-0.0034090045969774724
-7.876834667533004e-4,0,-6.856486248676948e-4
-0.004983111474801714,-4.683844656203316e-4,-0.004371861941820815
-0.00491858541201836,-0.0032482455883644664,-0.0046611297607958195
0.010978214583369048,0.011928591741555852,0.007345991101864485
0.0037287571161268964,-0.0016714987307279228,0.002940997721019171
-0.004567492076810866,-0.0032044911098906676,-0.0026770918599857366
-0.002315002916771797,-0.004188743864202361,-2.8481185780617515e-4
-0.001416818288110618,-0.0011382320692650716,-0.004796073364240674
0.0020895013225737517,0.0064957816778631675,-0.0021070583435619716
-1.448588422697387e-4,-0.001662022839157031,0.00022356313326148317
-0.002422043183006173,-0.005324283006645593,0.0033053841816834684
-9.039879614904534e-4,0.002944538975550045,6.220083960500262e-4
3.280424301371818e-4,0.0013980944046194433,-0.0016903396747728508
0.0018437856215498538,0.006763078155059377,0.003813874772457249
-0.006515520487650748,-0.005755193032154516,-0.001875696854975008
-0.0020493199125155904,-0.0016909726957179203,-0.004900938628335382
-0.0011560395452556245,2.5230443393742084e-4,-0.00591385803616096
0.0026216738420662125,8.246296856000124e-4,-0.011499803262967222
0.0017454291139645311,4.5672022922013563e-4,-0.004179073302307354
-0.0034374003804188333,0.004246875483541154,0.0036892912158983902
0.004372399238674902,0.0038491395914869962,0.0012925641282725655
0.00871574651079978,0.006646162985015214,0.008231378885201746
0.030173642627872067,0.017525378900605147,0.018663090578295828
-0.008173233631556306,-0.004297774729313351,-0.003808842783446199
0.002319965012873992,0.0018557574078795964,2.893531338262936e-4
-0.012619894714071728,-0.010476235355286544,-0.011053138800261873
0.001774604104356665,-1.0809892606533093e-4,-0.010259691149793646
0.008907807911697287,0.008146602181392782,0.012799762845713212
-0.014047075353419532,-0.010563861239638539,-0.01175967048897264
0.011047041188111492,0.014141919837810019,0.013918009429312678
-0.005214391423788989,-0.0028583094732369595,2.741153385497112e-4
-4.408328239791156e-4,0.0012084885093662178,0.006776294152017059
0.011228653848960705,0.012700434863120856,0.009659975732118785
-0.004263797229000169,-0.006188251004017237,-0.0028919647690819365
-0.0045339736617316054,-0.003987585948622334,-0.0062612227334161675
0.005887388880647922,0.0064755645368040635,0.01624784956808135
0.01548615593909982,0.01028041438499694,0.010911247816888308
-0.007692743820150833,-0.0034250739144518322,-0.007169251723944563
0.0014088325277928067,0.0019093513449285474,0.007438170793149363
0.007986397781269692,0.008246617500833915,0.003046726942765831
-0.0032776705600543747,-9.239895143750524e-4,-0.0035927898024632394
-0.007700346597719861,-0.0013427961017628668,-0.0037203381001627107
-0.0013450300741998293,0.0015266685047725878,-0.0065554498645284225
-0.006866767464854721,-0.008172687965284193,-0.005546243691769245
-0.008187772399091527,-0.013872857273930802,-0.001106274854349145
8.92130457363984e-4,0.0010155009584108603,0.007405926759563163
-0.01022427737959123,-0.008387994184607417,-0.012368303584416469
0.003897827299030927,7.366369787223022e-4,0.006420634465698487
-0.006804420797171139,7.871923200318473e-4,-0.004514272373006061
0.002785847473324292,7.150920474913637e-4,-0.004760222576860125
-0.005542115526765203,-0.007698733040228031,0.010097967692486755
-0.004995574467996811,-0.006535431130935478,0.008152515714530923
-0.0028389349022043212,-0.0020063515252187634,-0.00313527935082064
-0.0012385876843942405,-0.0020155850979577394,0.009767880503524742
0.0023958626165027134,-0.0018580895156519214,0.003580231651798815
0.0037587942922679835,-7.870289740880204e-4,0.0027455370664245067
-4.8718897545035693e-4,-0.0032429820642469495,-6.319909138845652e-4
-8.392110277885082e-4,2.1433334722939677e-4,0.0050407468553236075
-9.80698157323765e-4,9.879125788993294e-4,-0.005742075963484618
-0.0011226482522704462,-0.0020447522048848647,0.0014021262018474962
-0.0017499440394558598,8.529677329790185e-4,-0.005473903275604285
-0.005760446306454957,-0.004119804757788728,-0.004885932570741177
0.00424808368825647,0.003716959745805972,0.005179106643021399
0.001747836179117367,-1.5699654341564808e-4,0.0011432536199002482
0.0022379949196522464,-7.487938863119793e-4,0.0015154872462800552
0.007877813632992546,0.0076125874095822445,0.010415943831081334
-0.006376058174391621,-0.008026439430076094,-0.00737973974126928
3.0476869464328947e-4,0.004334371091028225,-1.052022258750169e-4
-0.0034046143060041797,9.85537706188477e-4,8.982140533686066e-4
-0.002279389950918331,-0.0018832741138426622,-0.003646578084554612
-0.007776457702158233,-0.001520734649796202,-0.004397637116078301
6.744946296144087e-4,-6.328879055960071e-4,-0.003131989171988207
0.0020491907652236147,1.0460217940492824e-4,0.005323075230339502
0.0077601367462043335,0.009747488021859147,0.009659720385045225
0.0024560856179452915,0.003439904695295579,0.002776159018108655
-0.0011592191428437103,-0.0027147302331667197,1.205279124014967e-4
-0.0034432378728001182,-0.005915185597456938,-0.003533513351990877
0.007810329074858061,0.006148165751190328,0.00823876085796773
0.0026287752515182414,0.0021357087627789984,6.755576910305765e-4
0.006423882384939251,0.005727811436997019,0.00614654515048235
-0.006078820060840581,-0.004261830696769465,-0.005399610244881153
-0.005478291920513249,-0.0021636437886052456,-0.00691545184085811
0.0034951595556303367,0.005166316515701503,0.008164422001999357
0.004883035084373846,0.0031884502511279446,0.0010243074300689853
1.8590557844161588e-4,0.0024218496453418674,0.00715310640783878
-0.0026337382053889026,-0.0032372102234382205,-0.004606713638853006
0.0029589898287178157,0.002280455951865189,0.002317902860346781
0.007175073072142074,0.0019483053153189587,0.004134216793217592
-2.4453758357957217e-4,-0.0012523932587013228,0.003421135831678562
-0.005881158933150455,-0.006074783921689354,0.0028288501985825384
-0.0021323170270156028,-0.0035108465689080185,-3.375138423602845e-4
-0.009809841705418201,-0.005608893389388031,-0.007152852859866472
-7.094817733378667e-4,-0.0012836271760732435,-7.118651070727865e-4
0.004132119351061798,0.0010343582627374596,-1.2655323692034817e-4
-0.004014675479427831,-0.007749574652244766,-0.0019285645304384954
-0.0015708189155998614,-0.006265181502880799,0.014368482220156442
-0.003451287211424684,0.002746251936530302,-0.006975394650529392
-0.004017903936428496,-0.005162032405140339,-0.011293245421704842
2.7504754060262213e-4,-9.879616531508254e-4,-0.012328222053922935
4.502679170134781e-4,0.0030612538091198695,8.375920004987594e-4
-0.00278543120547468,-0.0035106741965766934,-0.00875321213916375
-0.0028122721074278286,0.0017066712122853938,2.2335866847814325e-4
0.0013095707670585624,-3.5901553247913773e-4,-0.0045941358166175315
0.001032161184869553,0.0014882368726393841,1.3862097115247907e-4
1.0458361469521702e-4,-5.59095656395311e-4,0.002549618385725975
-5.94323050915963e-4,-0.001246126146584733,0.0013739113508974153
0.0014210992412435927,-0.005328857662338072,0.0012787232373299073
0.007217070162725074,0.004758179465931757,0.006953500265023423
0.0011311196671541515,-1.585829031796491e-5,0.010683411569614611
-8.435174426193818e-4,-9.83705475425771e-4,-0.0013602036299677712
-0.007889465921775748,-0.003631206526783485,-0.011331491982007318
0.004655073752466805,0.006062213295125735,1.857173963384449e-4
-0.002244244740690591,-0.0054728583886046196,0.0015365259785500858
0.0030763174577952564,0.00649636218543693,0.0025838053748873835
-0.011477628251759821,-0.007951718153722849,-0.008444278616997588
6.880832852223697e-4,0.0011050552536525247,-0.0016105643498024902
-0.0018886315749948215,-0.0019770735392443412,-0.004549490948099488
0.001984113500742528,-3.9906672126962725e-4,-0.004054238463827734
-4.8720130145141774e-4,0.00019689281910373221,0.0028421134179482644
0.0015804617387208913,-5.907947958358083e-4,7.510940200271989e-4
-0.0023884165396924084,-0.0010493879090188376,0.0018752299006591746
-0.010185654429554516,-0.005702954848951653,-0.011762070595769065
6.712920009707257e-4,-1.393728225253421e-4,2.637532055008428e-4
0.004638747814023485,0.005650388983811604,0.008822989475746647
-0.0028491489507094098,-0.0031500462862639,0.0036849269656758876
-5.109527992283114e-4,0.00260627764380428,0.0012605569641396114
0.002788045480536524,0.006024632903611362,0.0011858329879429709
9.996348385513966e-4,0.0015627809551466759,0.0013384685671751924
-0.008660054846131996,-0.008927087871149922,-0.011656270269069834
-0.002294623256071384,-0.0022563234723485042,-0.001756685693132121
0.006646134807665176,0.005279930691506047,0.010128387289150482
0.00944028323632091,0.004547490783641014,0.011350634117701318
-0.00461297168057099,-0.002760028078505121,-0.016295760941270294
-0.009964158620737127,-0.007634894976196433,-0.005725719038240259
-0.0077746122259313094,-0.004492893580060435,-0.0066271835415162225
8.744758483769578e-4,0.0027989691765704164,-0.002236799388427334
0.005065398162407934,0.008573793369861844,0.004885533904642265
-0.008700062651334063,-0.005199609612425441,-0.003145378043983752
-0.0018688674430117943,-0.0032507988257988265,4.593624395937578e-4
-0.004699912814199238,-8.58313842983756e-5,-6.705106519320997e-4
-0.004870907303810422,-0.002433163102365551,0.004985213709369527
-0.003510822838695811,-0.0028057997357633264,-0.0029707727592069954
6.116801252953207e-4,3.7742972854863487e-4,-0.002445197326035873
-0.00243895148229833,0.002094893239924582,9.482386336636711e-4
8.466826428462742e-5,-0.0020894485105182664,-0.007081162640060064
0.01373365839957331,0.015899846529398753,0.01247550759666767
0.01258701519451236,0.00846913382350959,0.013325448653189888
0.0031983589651981433,0.0015192817614704563,1.6655667507067245e-4
0.0038583627146465396,0.0012284037712856507,0.006980892657101368
0.011700802774554816,0.011818708494321388,0.0037514232874445402
0.019211443241788844,0.00889913372153979,0.007632549858307549
0.023374322781863268,0.018538185918242335,0.012174017117836462
-0.012586872041001151,-0.021317057540282718,-0.023908984218979735
0.004437302209321204,0.001369841993874985,0.005399326045517229
0.001080867356533837,0.0043954697252653165,0.008589813821039577
0.022681599365121274,0.01511791530996858,0.02096633940717443
0.07476744497485106,0.060842795313311486,0.07181890488265004
-0.01091509267353063,-0.011717437425299564,-0.013700542661627924
-0.008166386427466157,-0.0010961598464961622,-0.013790082962280915
0.02550004507524902,0.029723034144551314,0.023013752483146493
0.017848710413166245,0.02538411066497175,0.005321291752765548
-0.010141987213946192,-0.007246044672567036,-0.020872295603603888
0.03726680090581179,0.03568981152538737,0.025718419979915776
0.0017930561596403982,0.015785550427155168,0.003199747841718444
0.02470038548586363,0.02957072635395616,-0.012286027693362475
-0.011407238589679325,0.016609873671099007,0.005167034972772966
0.03270632271067799,0.02871167874449242,0.040319555613942286
0.0297842774672818,0.023562260296654855,0.02100021242596083
-0.018895191255003677,-0.022653483298455922,-0.0058275503906223165
-0.023388331885618882,-0.03118944422160796,-0.026084695486321197
-0.01806707723686832,-0.03264113268187849,-0.0036333621462916648
0.023170707055721485,0.015267732294642816,0.035634073173529277
6.47540999425818e-5,0.010053260247056717,0.003418237535125744
-0.003105494517731995,-0.0034465821661459057,-0.0010656372794341743
0.012077825272817894,0.019368331246558384,0.017853613510729824
-0.008588191571401015,8.173240112540055e-4,0.0021258717463885305
0.037676379123882824,0.04149100275490758,0.027083379381791728
-0.029329489889396234,-0.028899016754927533,-0.027010188435049914
-0.001143385564325297,-0.009448631313083973,-0.0018154779284342399
-0.01606562668419353,-0.01354577263060147,-0.00907702528872734
-0.007324421560461364,-0.012929100872675651,-0.009234914395805215
-0.009011368695465014,-0.009744704169017612,-0.007659860568940131
0.004859375143086212,0.005885329240549804,0.010934916610928215
-0.0037406868492894188,-0.00950858353337428,-0.0011344891224066597
0.02926446533007698,0.03686042787814463,0.028047337664916905
-0.023991939336090194,-0.019959244557027384,-0.022498616595263417
0.011646729291455373,0.011149595878718237,0.010812655410093458
-8.584392124410257e-4,-6.619856062121473e-4,-0.004215962067312082
0.014133954857935374,0.014795895014645274,0.0033888707799924
2.5695680256880235e-4,0.004532403122272368,0.006614260335777192
0.008687511253308737,0.011668108797895416,0.013697075082337112
0.01303004584749362,0.008811692233150717,0.010294297043013368
-0.008992355301416746,-0.009494255361446281,-0.0049924276692954106
-0.0181588033821716,-0.01901218275206531,-0.017928989341019566
-0.018757833860410827,-0.022555551630787634,-0.019626238872523596
0.025939474998190364,0.01969769398472705,0.02844058603327559
0.026290952211303495,0.025290407477572097,0.014799303917005787
-0.03523708718052951,-0.03042865642069132,-0.030807532274236406
-0.011006789185714629,-0.004856106864959578,-0.00527954496279017
0.015249241658927295,0.018760534908920715,0.009509105234805299
-0.013488323695095035,-0.016735306862007162,-0.012941150429403884
-0.016015978231353256,-0.016664576127137138,-0.012889371072541482
0.009201037678151131,0.012409404022636078,0.005050893884548027
0.02194678690615377,0.018358833777180714,0.01204463683938197
-0.009764336133882985,-0.0073163935776329675,-0.00836259153975949
-0.014951775128245344,-0.013922826809431821,-0.014234258251453327
0.00426113110809528,0.003461360891355848,-0.009028127917186199
2.857860058411637e-4,-0.008505190229047777,9.123583712773164e-4
-0.0016963729132016367,-0.0027807861081382387,0.0017705014314390443
-0.01463273634234075,-0.020055814584670886,-0.021128207477403464
-0.01743439150842091,-0.01412354187714703,-0.015739042008008488
-0.012873595228923774,-0.009065815553866437,-0.012122931237780878
-0.005577752236551422,-0.005233404304842756,-0.0035516025876326197
-0.008095159772855047,-0.014902806114250813,-0.0045567591143977956
0.007920186161346104,0.004465030405200378,-0.001092268715643192
0.0012930076145615539,-0.00505497568349642,2.521875990165654e-4
0.0020012062623188595,-7.48019449675218e-4,6.428436094607638e-4
-0.0050248093365960885,-0.006326847373119412,0.005484211377101029
-0.00916302867569219,-0.014559391523248963,-0.007084799358640038
0.003645721045180336,-1.3815295505987299e-4,-0.001039279045239568
0.017359956742048894,0.008330458758420749,0.010905630576173468
-0.021219665562523447,-0.019716020842312297,-0.010484680430586429
-7.654159786643378e-4,-8.843273107437635e-5,0.0012544781572050051
0.020905093891534565,0.019114796798719656,0.01664122495022138
0.007019139491075282,0.0040852776582422,0.004010847015529277
0.008089657913447831,0.021111117489648876,0.001963763550222438
